ProductID,Nazwa handlowa,Nazwa prawna,Kategoria,Masa netto [g],Rodzaj,COID,DATA WAŻNOŚCI CERTYFIKATU,SZTUKA,KARTON,CN,PKWiU,WYSOKOŚĆ [cm],SZEROKOŚĆ [cm],GŁĘBOKOŚĆ [cm],WYSOKOŚĆ [cm].1,SZEROKOŚĆ [cm].1,GŁĘBOKOŚĆ [cm].1,WYSOKOŚĆ [cm].2,SZEROKOŚĆ [cm].2,GŁĘBOKOŚĆ [cm].2,RODZAJ PALETY,WAGA NETTO SZTUKI [kg],WAGA BRUTTO SZTUKI [kg],WAGA NETTO OPAKOWANIA ZBIORCZEGO [kg],WAGA BRUTTO OPAKOWANIA ZBIORCZEGO [kg],WAGA NETTO PALETY [kg],WAGA BRUTTO PALETY [kg],ILOŚĆ SZTUK PRODUKTU W OPAKOWANIU ZBIORCZYM [szt],ILOŚĆ KARTONÓW NA WARSTWIE [szt],ILOŚĆ WARSTW NA PALECIE [szt],ILOŚĆ KARTONÓW NA PALECIE [szt],ILOŚĆ SZTUK PRODUKTU NA PALECIE [szt],ILOŚĆ SZTUK NA WARSTWIE PALETY [szt],WYSOKOŚĆ PALETY Z NOŚNIKIEM [cm],SMAK,ZAPACH,KOLOR,WYGLĄD ZEWNĘTRZNY,WYGLĄD NA PRZEKROJU,WARUNKI PRZECHOWYWANIA I TRANSPORTU,TERMIN PRZYDATNOŚCI DO SPOŻYCIA,WYRAŻENIE I FORMAT,INFORMACJE DODATKOWE,Polska etykieta,Angielska etykieta,Link do etykiety (plik zebry)
130031,"I Love You - Lizak z masy o smaku czekolady mlecznej, dekorowany, 25 g",SERCE I LOVE YOU 20 g - Lizak z masy o smaku czekolady mlecznej 94 % dekorowany masą o smaku białej czekolady 6%.,WALENTYNKI,25,IFS Food 8.0,66417,2026-09-01 00:00:00,5902808130031,5902808130048,1806 90 70,10.82.23.0,14.5,5.8,0.5,14.5,5.8,0.5,16,20,15,LPR/EUR 800 x 1200 mm,0.025,0.027,0.525,0.567,168,205.44,21,32,10,320,6720,672,175,"Mleczno-kakaowy dla masy, słodki, charakterystyczny dla użytych surowców, bez obcych posmaków.","Mleczno-kakaowy dla mast, słodki, charakterystyczny dla użytych surowców, bez obcych zapachów.",Jasnobrązowy/brązowy/ciemnobrązowy/biały,Lizak w kształce serca. Dopuszczalne niewielkie pęcherzyki powietrza oraz szary nalot (wykwit tłuszczowy).,"Jednolity, dopuszczalne niewielkie pęcherzyki powietrza.",Przechowywać w suchym i chłodnym miejscu. Nie wystawiać na działanie ciepła i promieni słonecznych.,12 miesięcy od daty produkcji polew,Najlepiej spożyć przed końcem: MM.RRRR,Produkt nie zawiera GMO; nie podlega radiacji; nie zawiera nanomateriałów; jest kontrolowany w zakresie detekcji metali.,"Składniki: cukier, masło kakaowe, mleko w proszku pełne, masa kakaowa, emulgator: E322 (ze słonecznika); naturalny aromat waniliowy. Zawartość masy kakaowej minimum 32 %. Może zawierać: orzeszki arachidowe, orzechy, soję, zboża zawierające gluten. 
Wartość odżywcza w 100 g produktu:
Wartość energetyczna: 2308 kJ  / 553 kcal 
Tłuszcz: 34 g 
w tym kwasy tłuszczowe nasycone: 22 g 
Węglowodany: 55 g 
w tym cukry: 55 g 
Białko: 6,2 g 
Sól: 0,33 g 
Wartość odżywcza w porcji 15 g produktu: 
 
Wartość energetyczna: 346 kJ  / 83 kcal 
Tłuszcz: 5,1 g 
w tym kwasy tłuszczowe nasycone: 3,3 g 
Węglowodany: 8,3 g 
w tym cukry: 8,3 g 
Białko: 0,93 g 
Sól: 0,05 g 
Opakowanie zawiera 6 sugerowanych porcji produktu. 
Najlepiej spożyć przed końcem: MM.RRRR 
Numer partii: 
Przechowywać w suchym i chłodnym miejscu. Nie wystawiać na działanie ciepła i promieni słonecznych. 
Masa netto:
Producent: Adikam Sp. z o.o. 
Ul. Szlachecka 42 
32-050 Borek Szlachecki  ","Ingredients: sugar, cocoa butter, whole milk powder, cocoa mass, emulsifier: E322 (from sunflower seeds); natural vanilla flavour. Cocoa solids content minimum 32%. May contain: peanuts, nuts, soy, cereals containing gluten. 
Nutritional value per 100g of product: 
Energy: 2308 kJ / 553 kcal 
Fat: 34 g 
of which saturated: 22 g 
Carbohydrates: 55 g 
of which sugars: 55 g 
Protein: 6.2 g 
Salt: 0.33 g 
Nutritional value per 15g serving: 
Energy: 346 kJ / 83 kcal 
Fat: 5.1 g 
of which saturated: 3.3 g 
Carbohydrates: 8.3 g 
of which sugars: 8.3 g 
Protein: 0.93 g 
Salt: 0.05 g
The package contains 6 suggested servings of the product. 
Best before end: 
Lot code: 
Store in a cool, dry place. Avoid exposure to heat and sunlight. 
Net weight: 
Producer: Adikam Sp. z o.o. 
St. Szlachecka 42 
32-050 Borek Szlachecki ",..\etykiety\Etykieta psi partol sztuka.nlbl
130055,"Białe Serce - Lizak z masy o smaku czekolady mlecznej, dekorowany, 20 g",BIAŁE SERCE 20 g - Lizak z masy o smaku czekolady mlecznej 95 % dekorowany masą o smaku białej czekolady 5%.,WALENTYNKI,20,IFS Food 8.0,66417,2026-09-01 00:00:00,5902808130055,5902808130062,1806 90 70,10.82.23.0,14.5,5.8,0.5,14.5,5.8,0.5,16,20,15,LPR/EUR 800 x 1200 mm,0.025,0.027,0.525,0.567,168,205.44,21,32,10,320,6720,672,175,"Mleczno-kakaowy dla masy, słodki, charakterystyczny dla użytych surowców, bez obcych posmaków.","Mleczno-kakaowy dla mast, słodki, charakterystyczny dla użytych surowców, bez obcych zapachów.",Jasnobrązowy/brązowy/ciemnobrązowy/biały,Lizak w kształce serca. Dopuszczalne niewielkie pęcherzyki powietrza oraz szary nalot (wykwit tłuszczowy).,"Jednolity, dopuszczalne niewielkie pęcherzyki powietrza.",Przechowywać w suchym i chłodnym miejscu. Nie wystawiać na działanie ciepła i promieni słonecznych.,12 miesięcy od daty produkcji polew,Najlepiej spożyć przed końcem: MM.RRRR,Produkt nie zawiera GMO; nie podlega radiacji; nie zawiera nanomateriałów; jest kontrolowany w zakresie detekcji metali.,,,
130079,"Czerwone Serce - Lizak z masy o smaku czekolady mlecznej, dekorowany, 20 g",CZERWONE SERCE 20 g - Lizak z masy o smaku czekolady mecznej 95 % dekorowany masą o smaku białej czekolady 5%,WALENTYNKI,20,IFS Food 8.0,66417,2026-09-01 00:00:00,5902808130079,5902808130086,1806 90 70,10.82.23.0,14.5,5.8,0.5,14.5,5.8,0.5,16,20,15,LPR/EUR 800 x 1200 mm,0.025,0.027,0.525,0.567,168,205.44,21,32,10,320,6720,672,175,"Mleczno-kakaowy dla masy, słodki, charakterystyczny dla użytych surowców, bez obcych posmaków.","Mleczno-kakaowy dla mast, słodki, charakterystyczny dla użytych surowców, bez obcych zapachów.",Jasnobrązowy/brązowy/ciemnobrązowy/czerwony,Lizak w kształce serca. Dopuszczalne niewielkie pęcherzyki powietrza oraz szary nalot (wykwit tłuszczowy).,"Jednolity, dopuszczalne niewielkie pęcherzyki powietrza.",Przechowywać w suchym i chłodnym miejscu. Nie wystawiać na działanie ciepła i promieni słonecznych.,12 miesięcy od daty produkcji polew,Najlepiej spożyć przed końcem: MM.RRRR,Produkt nie zawiera GMO; nie podlega radiacji; nie zawiera nanomateriałów; jest kontrolowany w zakresie detekcji metali.,,,
131274,"Serce Walentynkowe - Figurka z masy o smaku czekolady mlecznej z dodatkiem owoców liofilizowanych czerwonej porzeczki, 40 g","Serce 40g - Figurka z masy o smaku czekolady mlecznej 97,5% z owocami liofilizowanymi czerwonej porzeczki 2,5%",WALENTYNKI,40,IFS Food 8.0,66417,2026-09-01 00:00:00,5902808131274,5902808131281,1806 90 70,10.82.23.0,14.5,5.8,0.5,14.5,5.8,0.5,16,20,15,LPR/EUR 800 x 1200 mm,0.025,0.027,0.525,0.567,168,205.44,21,32,10,320,6720,672,175,"Mleczno-kakaowy dla masy, słodki, charakterystyczny dla użytych surowców, bez obcych posmaków.","Mleczno-kakaowy dla mast, słodki, charakterystyczny dla użytych surowców, bez obcych zapachów.",Jasnobrązowy/brązowy/ciemnobrązowy/czerwony/różowny,Lizak w kształce serca posypany owocami liofilizowanymi. Dopuszczalne niewielkie pęcherzyki powietrza oraz szary nalot (wykwit tłuszczowy).,"Jednolity, dopuszczalne niewielkie pęcherzyki powietrza.",Przechowywać w suchym i chłodnym miejscu. Nie wystawiać na działanie ciepła i promieni słonecznych.,12 miesięcy od daty produkcji owoców liofilizowanych,Najlepiej spożyć przed końcem: MM.RRRR,Produkt nie zawiera GMO; nie podlega radiacji; nie zawiera nanomateriałów; jest kontrolowany w zakresie detekcji metali.,,,
102932,"Serce - Lizak z masy o smaku czekolady mlecznej, 20 g",SERCE 20 g - Lizak z masy o smaku czekolady mecznej 100%,WALENTYNKI,20,IFS Food 8.0,66417,2026-09-01 00:00:00,5907244102932,5907244102949,1806 90 70,10.82.23.0,14.5,5.8,0.5,14.5,5.8,0.5,16,20,15,LPR/EUR 800 x 1200 mm,0.025,0.027,0.525,0.567,168,205.44,21,32,10,320,6720,672,175,"Mleczno-kakaowy dla masy, słodki, charakterystyczny dla użytych surowców, bez obcych posmaków.","Mleczno-kakaowy dla mast, słodki, charakterystyczny dla użytych surowców, bez obcych zapachów.",Jasnobrązowy/brązowy/ciemnobrązowy,Lizak w kształce serca. Dopuszczalne niewielkie pęcherzyki powietrza oraz szary nalot (wykwit tłuszczowy).,"Jednolity, dopuszczalne niewielkie pęcherzyki powietrza.",Przechowywać w suchym i chłodnym miejscu. Nie wystawiać na działanie ciepła i promieni słonecznych.,12 miesięcy od daty produkcji polew,Najlepiej spożyć przed końcem: MM.RRRR,Produkt nie zawiera GMO; nie podlega radiacji; nie zawiera nanomateriałów; jest kontrolowany w zakresie detekcji metali.,"Serce – Lizak z masy o smaku czekolady mlecznej 
Składniki: cukier, całkowicie utwardzony tłuszcz roślinny (palmowy), serwatka w proszku (z mleka), kakao w proszku o obniżonej zawartości tłuszczu, mleko pełne w proszku, emulgatory: E322 (ze słonecznika), E492; aromat. 
Może zawierać: orzeszki arachidowe, orzechy, soję, zboża zawierające gluten. 
Wartość odżywcza w 100 g produktu: Wartość energetyczna: 2397 kJ / 594 kcal; Tłuszcz: 40 g, w tym kwasy tłuszczowe nasycone: 37 g; Węglowodany: 54 g, w tym cukry: 53 g; Białko: 3,5 g; Sól: 0,53 g. 

Numer partii: 
Najlepiej spożyć przed końcem: MM.RRRR 

Przechowywać w suchym i chłodnym miejscu. Nie wystawiać na działanie ciepła i promieni słonecznych. 

Masa netto: 20 g 

Producent: Adikam Sp. z o.o. 
ul. Szlachecka 42; 
32-050 Borek Szlachecki, Polska.  
","Heart – Lolly made from compound chocolate a milk chocolate flovor 
Ingredients: sugar, fully hydrogenated vegetable fat (palm), whey powder (from milk), fat-reduced cocoa powder, whole milk powder, emulsifiers: E322 (from sunflower), E492; flavouring. 
May contain: peanuts, nuts, soy, cereals containing gluten. 
Nutritional value in 100 g of product: Energy value: 2397 kJ / 594 kcal; Fat: 40 g, of which saturated fatty acids: 37 g; Carbohydrates: 54 g, of which sugars: 53 g; Protein: 3,5 g; Salt: 0,53 g. 
Batch number:  
Best before end: MM/YYYY 

Store in a cool, dry place. Do not expose to heat or sunlight. 

Net weight:  20 g 

Manufacturer: Adikam Sp. z o.o. ul. Szlachecka 42; 32-050 Borek Szlachecki, Poland. 

 
",
103595,"Zając Wielkanocny - Figurka z masy o smaku czekolady mlecznej, 90 g","Zając Wielkanocny - Figurka z masy o smaku czekolady mleczej 89,1% dekorowana masą o smaku białej czekolady 9,8% i masą o smaku czekolady deserowej 1,1% ",WIELKANOC,90,IFS Food 8.0,66417,2026-09-01 00:00:00,5907244103595,5907244103601,1806 90 70,10.82.23.0,14.5,5.8,0.5,14.5,5.8,0.5,16,20,15,LPR/EUR 800 x 1200 mm,0.025,0.027,0.525,0.567,168,205.44,21,32,10,320,6720,672,175,"Mleczno-kakaowy dla masy, słodki, charakterystyczny dla użytych surowców, bez obcych posmaków.","Mleczno-kakaowy dla mast, słodki, charakterystyczny dla użytych surowców, bez obcych zapachów.",Jasnobrązowy/brązowy/ciemnobrązowy/biały,Figurka w kształcie zajaca. Dopuszczalne niewielkie pęcherzyki powietrza oraz szary nalot (wykwit tłuszczowy).,"Jednolity, dopuszczalne niewielkie pęcherzyki powietrza.",Przechowywać w suchym i chłodnym miejscu. Nie wystawiać na działanie ciepła i promieni słonecznych.,12 miesięcy od daty produkcji polew,Najlepiej spożyć przed końcem: MM.RRRR,Produkt nie zawiera GMO; nie podlega radiacji; nie zawiera nanomateriałów; jest kontrolowany w zakresie detekcji metali.,"Zając Wielkanocny - Figurka z masy o smaku czekolady mlecznej 89,1% dekorowana masą o smaku białej czekolady 9,8 % i masą o smaku czekolady deserowej 1,1% 
Składniki: cukier, całkowicie utwardzony tłuszcz roślinny (palmowy), serwatka w proszku (z mleka), kakao w proszku o obniżonej zawartości tłuszczu, mleko w proszku pełne, emulgatory: E 322 (ze słonecznika), E 492, E 472c; aromat 
Może zawierać: orzeszki arachidowe, orzechy, soję, zboża zawierające gluten. 
Wartość odżywcza w 100 g produktu: Wartość energetyczna: 2392 kJ / 593 kcal; Tłuszcz: 39 g, w tym kwasy tłuszczowe nasycone: 37 g; Węglowodany: 54 g, w tym cukry: 53 g; Białko: 3,4 g; Sól: 0,53 g. 
Numer partii: 
Najlepiej spożyć przed końcem: MM.RRRR 

Przechowywać w suchym i chłodnym miejscu. Nie wystawiać na działanie ciepła i promieni słonecznych. 

Masa netto: 90 g 

Producent: Adikam Sp. z o.o. 
ul. Szlachecka 42; 
32-050 Borek Szlachecki, Polska.  
","Easter Bunny – Figurine made from compound chocolate a milk chocolate flavor 89,1 %, decorated compound chocolate a white chocolate flavor 9,8 % and compound chocolate a dark chocolate flavor 1,1 % 
Ingredients: sugar, fully hydrogenated vegetable fat (palm), whey powder (from milk), fat-reduced cocoa powder, whole milk powder, emulsifiers: E 322 (from sunflower), E 492, E 472c; flavouring 
May contain: peanuts, nuts, soy, cereals containing gluten. 
Nutritional value in 100 g of product: Energy value: 2392 kJ / 593 kcal; Fat: 39 g, of which saturated fatty acids: 37 g; Carbohydrates: 54 g, of which sugars: 53 g; Protein: 3,4 g; Salt: 0,53 g. 
Batch number:  
Best before end: MM/YYYY 

Store in a cool, dry place. Do not expose to heat or sunlight. 

Net weight:  90 g 

Manufacturer: Adikam Sp. z o.o. ul. Szlachecka 42; 32-050 Borek Szlachecki, Poland. 

 
",
133858,"Zając z pisanką - Lizak z czekolady mlecznej, dekorowany, 25 g",Zając z pisanką- Figurka z czekolady mleczej 96% dekorowana białą czekoladą 2% czekoladą gorzką 2% ,WIELKANOC,25,IFS Food 8.0,66417,2026-09-01 00:00:00,5902808133858,5902808134091,1806 90 39,10.82.22.0,14.5,5.8,0.5,14.5,5.8,0.5,16,20,15,LPR/EUR 800 x 1200 mm,0.025,0.027,0.525,0.567,168,205.44,21,32,10,320,6720,672,175,"Mleczno-kakaowy dla czekolady, słodki, charakterystyczny dla użytych surowców, bez obcych posmaków.","Mleczno-kakaowy dla czekolady, słodki, charakterystyczny dla użytych surowców, bez obcych zapachów.",Jasnobrązowy/brązowy/ciemnobrązowy/biały,Figurka w kształcie zajaca z pisanką. Dopuszczalne niewielkie pęcherzyki powietrza oraz szary nalot (wykwit tłuszczowy).,"Jednolity, dopuszczalne niewielkie pęcherzyki powietrza.",Przechowywać w suchym i chłodnym miejscu. Nie wystawiać na działanie ciepła i promieni słonecznych.,16 miesięcy od daty produkcji polew,Najlepiej spożyć przed końcem: MM.RRRR,Produkt nie zawiera GMO; nie podlega radiacji; nie zawiera nanomateriałów; jest kontrolowany w zakresie detekcji metali.,"Zając z pisanką- Figurka z czekolady mleczej 96% dekorowana białą czekoladą 2% czekoladą gorzką 2% 
Składniki: cukier, tłuszcz kakaowy, mleko w proszku pełne, miazga kakaowa, kakao w proszku o obniżonej zawartości tłuszczu, emulgator: E 322 (ze słonecznika), naturalny aromat z wanilii. Czekolada mleczna: zawartość masy kakaowej minimum 32 %; Czekolada gorzka minimum 72 %. 
Może zawierać: orzeszki arachidowe, orzechy, soję, zboża zawierające gluten. 

Wartość odżywcza w 100 g produktu: Wartość energetyczna: 2309 kJ / 553 kcal; Tłuszcz: 34 g, w tym kwasy tłuszczowe nasycone: 22 g; Węglowodany: 55 g, w tym cukry: 54 g; Białko: 6,2 g; Sól: 0,33 g. 

Numer partii: 
Najlepiej spożyć przed końcem: MM.RRRR 

Przechowywać w suchym i chłodnym miejscu. Nie wystawiać na działanie ciepła i promieni słonecznych. 

Masa netto: 25 g 
","Bunny with Easter egg - Figurine made of milk chocolate 96% decorated with white chocolate 2% and dark chocolate 2% 
Ingredients: sugar, cocoa butter, whole milk powder, cocoa mass, low-fat cocoa powder, emulsifier: E 322 (from sunflower seeds), natural vanilla flavouring. Milk chocolate: cocoa solids 32 % minimum; Dark chocolate: cocoa solids 72 % minimum. 
May contain: peanuts, nuts, soy, cereals containing gluten. 
Nutritional value in 100 g of product: Energy value: 2309 kJ / 553 kcal; Fat: 34 g, of which saturated fatty acids: 22 g; Carbohydrates: 55 g, of which sugars: 54 g; Protein: 6,2 g; Salt: 0,33 g. 
Batch number:  
Best before end: MM/YYYY 

Store in a cool, dry place. Do not expose to heat or sunlight. 

Net weight:  25 g 
",
131618,"Lizak Wielkanocny - Lizak z masy o smaku czekolady mlecznej, 15 g",Lizak Wielkanocny - Lizak z masy o smaku czekolady mlecznej 100%,WIELKANOC,15,IFS Food 8.0,66417,2026-09-01 00:00:00,5902808131618,5902808132479,1806 90 70,10.82.23.0,14.5,5.8,0.5,14.5,5.8,0.5,16,20,15,LPR/EUR 800 x 1200 mm,0.025,0.027,0.525,0.567,168,205.44,21,32,10,320,6720,672,175,"Mleczno-kakaowy dla masy, słodki, charakterystyczny dla użytych surowców, bez obcych posmaków.","Mleczno-kakaowy dla mast, słodki, charakterystyczny dla użytych surowców, bez obcych zapachów.",Jasnobrązowy/brązowy/ciemnobrązowy,Lizak w kształce zająca. Dopuszczalne niewielkie pęcherzyki powietrza oraz szary nalot (wykwit tłuszczowy).,"Jednolity, dopuszczalne niewielkie pęcherzyki powietrza.",Przechowywać w suchym i chłodnym miejscu. Nie wystawiać na działanie ciepła i promieni słonecznych.,12 miesięcy od daty produkcji polew,Najlepiej spożyć przed końcem: MM.RRRR,Produkt nie zawiera GMO; nie podlega radiacji; nie zawiera nanomateriałów; jest kontrolowany w zakresie detekcji metali.,"Lizak Wielkanocny – Lizak z masy o smaku czekolady mlecznej 
Składniki: cukier, całkowicie utwardzony tłuszcz roślinny (palmowy), serwatka w proszku (z mleka), kakao w proszku o obniżonej zawartości tłuszczu, mleko pełne w proszku, emulgatory: E322 (ze słonecznika), E492; aromat. 
Może zawierać: orzeszki arachidowe, orzechy, soję, zboża zawierające gluten. 
Wartość odżywcza w 100 g produktu: Wartość energetyczna: 2397 kJ / 594 kcal; Tłuszcz: 40 g, w tym kwasy tłuszczowe nasycone: 37 g; Węglowodany: 54 g, w tym cukry: 53 g; Białko: 3,5 g; Sól: 0,53 g. 

Numer partii: 
Najlepiej spożyć przed końcem: MM.RRRR 

Przechowywać w suchym i chłodnym miejscu. Nie wystawiać na działanie ciepła i promieni słonecznych. 

Masa netto: 15 g 

Producent: Adikam Sp. z o.o. 
ul. Szlachecka 42; 
32-050 Borek Szlachecki, Polska.  
","Easter Lolly – Lolly made from compound chocolate a milk chocolate flovor 
Ingredients: sugar, fully hydrogenated vegetable fat (palm), whey powder (from milk), fat-reduced cocoa powder, whole milk powder, emulsifiers: E322 (from sunflower), E492; flavouring. 
May contain: peanuts, nuts, soy, cereals containing gluten. 
Nutritional value in 100 g of product: Energy value: 2397 kJ / 594 kcal; Fat: 40 g, of which saturated fatty acids: 37 g; Carbohydrates: 54 g, of which sugars: 53 g; Protein: 3,5 g; Salt: 0,53 g. 

Batch number:  
Best before end: MM/YYYY 

Store in a cool, dry place. Do not expose to heat or sunlight. 

Net weight:  15 g 

Manufacturer: Adikam Sp. z o.o. ul. Szlachecka 42; 32-050 Borek Szlachecki, Poland. 

 
",
100402,"Zając - Figurka z masy o smaku czekolady mlecznej, ręcznie pakowana, 80 g",Zając - Figurka z masy o smaku czekolady mlecznej 100%,WIELKANOC,80,IFS Food 8.0,66417,2026-09-01 00:00:00,5907244100402,5907244100419,1806 90 70,10.82.23.0,14.5,5.8,0.5,14.5,5.8,0.5,16,20,15,LPR/EUR 800 x 1200 mm,0.025,0.027,0.525,0.567,168,205.44,21,32,10,320,6720,672,175,"Mleczno-kakaowy dla masy, słodki, charakterystyczny dla użytych surowców, bez obcych posmaków.","Mleczno-kakaowy dla mast, słodki, charakterystyczny dla użytych surowców, bez obcych zapachów.",Jasnobrązowy/brązowy/ciemnobrązowy,Figurka w kształce zająca. Dopuszczalne niewielkie pęcherzyki powietrza oraz szary nalot (wykwit tłuszczowy).,"Jednolity, dopuszczalne niewielkie pęcherzyki powietrza.",Przechowywać w suchym i chłodnym miejscu. Nie wystawiać na działanie ciepła i promieni słonecznych.,12 miesięcy od daty produkcji polew,Najlepiej spożyć przed końcem: MM.RRRR,Produkt nie zawiera GMO; nie podlega radiacji; nie zawiera nanomateriałów; jest kontrolowany w zakresie detekcji metali.,"Zając - Figurka z masy o smaku czekolady mlecznej
Składniki: cukier, całkowicie utwardzony tłuszcz roślinny (palmowy), serwatka w proszku (z mleka), kakao w proszku o obniżonej zawartości tłuszczu, mleko w proszku pełne, emulgatory: E322 (ze słonecznika), E492; aromat. 
Może zawierać: orzeszki arachidowe, orzechy, soję, zboża zawierające gluten. 

Wartość odżywcza w 100 g produktu: Wartość energetyczna: 2397 kJ / 594 kcal; Tłuszcz: 40 g, w tym kwasy tłuszczowe nasycone: 37 g; Węglowodany: 54 g, w tym cukry: 53 g; Białko: 3,5 g; Sól: 0,53 g. 

Numer partii: 
Najlepiej spożyć przed końcem: MM.RRRR 

Przechowywać w suchym i chłodnym miejscu. Nie wystawiać na działanie ciepła i promieni słonecznych. 

Masa netto: 80 g 

Producent: Adikam Sp. z o.o. 
ul. Szlachecka 42; 
32-050 Borek Szlachecki, Polska.  
","Bunny–  figure made of compound chocolate a milk chocolate flavor 
Ingredients: sugar, fully hydrogenated vegetable fat (palm), whey powder (from milk), fat-reduced cocoa powder, whole milk powder, emulsifiers: E322 (from sunflower), E492; flavouring. 
May contain: peanuts, nuts, soy, cereals containing gluten. 

Nutritional value in 100 g of product: Energy value: 2397 kJ / 594 kcal; Fat: 40 g, of which saturated fatty acids: 37 g; Carbohydrates: 54 g, of which sugars: 53 g; Protein: 3,5 g; Salt: 0,53 g. 

Batch number:  
Best before end: MM/YYYY 

Store in a cool, dry place. Do not expose to heat or sunlight. 

Net weight:  80 g 

Manufacturer: Adikam Sp. z o.o. ul. Szlachecka 42; 32-050 Borek Szlachecki, Poland. 

 
",
138747,"Czerwone Serce - Lizak z czekolady mlecznej, dekorowany, 20 g",CZERWONE SERCE 20 g - Lizak z czekolady mecznej 95 % dekorowany  białą czekoladą 5%,WALENTYNKI,20,IFS Food 8.0,66417,2026-09-01 00:00:00,5902808138747,5902808138754,1806 90 39,10.82.22.0,14.5,5.8,0.5,14.5,5.8,0.5,16,20,15,LPR/EUR 800 x 1200 mm,0.025,0.027,0.525,0.567,168,205.44,21,32,10,320,6720,672,175,"Mleczno-kakaowy dla czekolady, słodki, charakterystyczny dla użytych surowców, bez obcych posmaków.","Mleczno-kakaowy dla mast, czekoladyi, charakterystyczny dla użytych surowców, bez obcych zapachów.",Jasnobrązowy/brązowy/ciemnobrązowy/czerwony,Lizak w kształce serca. Dopuszczalne niewielkie pęcherzyki powietrza oraz szary nalot (wykwit tłuszczowy).,"Jednolity, dopuszczalne niewielkie pęcherzyki powietrza.",Przechowywać w suchym i chłodnym miejscu. Nie wystawiać na działanie ciepła i promieni słonecznych.,16 miesięcy od daty produkcji polew,Najlepiej spożyć przed końcem: MM.RRRR,Produkt nie zawiera GMO; nie podlega radiacji; nie zawiera nanomateriałów; jest kontrolowany w zakresie detekcji metali.,"Czerwone Serce - Lizak z czekolady mlecznej 95 % dekorowany białą czekoladą 5% 
Składniki:  cukier, tłuszcz kakaowy, mleko w proszku pełne, miazga kakaowa; emulgator: E 322 (ze słonecznika), naturalny aromat z wanilii, barwniki: E 120, E 160c. Czekolada mleczna: Zawartość masy kakaowej minimum 32 % 
Może zawierać: orzeszki arachidowe, orzechy, soję, zboża zawierające gluten. 
Wartość odżywcza w 100 g produktu: Wartość energetyczna: 2313 kJ / 554 kcal; Tłuszcz: 34 g, w tym kwasy tłuszczowe nasycone: 22 g; Węglowodany: 55 g, w tym cukry: 55 g; Białko: 6,2 g; Sól: 0,33 g. 
Numer partii: 
Najlepiej spożyć przed końcem: MM.RRRR 
Przechowywać w suchym i chłodnym miejscu. Nie wystawiać na działanie ciepła i promieni słonecznych. 
Masa netto: 20 g 

Producent: Adikam Sp. z o.o. 
ul. Szlachecka 42; 
32-050 Borek Szlachecki, Polska.  
","Red Heart - Lollipop made of 95% milk chocolate decorated with 5% white chocolate 
Ingredients: sugar, cocoa butter, whole milk powder, cocoa mass; emulsifier: E 322 (from sunflower seeds), natural vanilla flavour, colours: E 120, E 160c. Milk chocolate: Cocoa mass content minimum 32%. 
May contain: peanuts, nuts, soy, cereals containing gluten. 
Nutritional value in 100 g of product: Energy value: 2313 kJ / 554 kcal; Fat: 34 g, of which saturated fatty acids: 22 g; Carbohydrates: 55 g, of which sugars: 55 g; Protein: 6,2 g; Salt: 0,33 g. 
Batch number:  
Best before end: MM/YYYY 
Store in a cool, dry place. Do not expose to heat or sunlight. 
Net weight:  20 g 
Manufacturer: Adikam Sp. z o.o. ul. Szlachecka 42; 32-050 Borek Szlachecki, Poland. 

 
",
131106,"I Love You - Lizak z masy o smaku czekolady mlecznej, dekorowany, 20 g",SERCE I LOVE YOU 20 g - Lizak z masy o smaku czekolady mlecznej 95 % dekorowany masą o smaku białej czekolady 5%.,WALENTYNKI,20,IFS Food 8.0,66417,2026-09-01 00:00:00,5902808131106,5902808131113,1806 90 70,10.82.23.0,14.5,5.8,0.5,14.5,5.8,0.5,16,20,15,LPR/EUR 800 x 1200 mm,0.025,0.027,0.525,0.567,168,205.44,21,32,10,320,6720,672,175,"Mleczno-kakaowy dla masy, słodki, charakterystyczny dla użytych surowców, bez obcych posmaków.","Mleczno-kakaowy dla mast, słodki, charakterystyczny dla użytych surowców, bez obcych zapachów.",Jasnobrązowy/brązowy/ciemnobrązowy/biały,Lizak w kształce serca. Dopuszczalne niewielkie pęcherzyki powietrza oraz szary nalot (wykwit tłuszczowy).,"Jednolity, dopuszczalne niewielkie pęcherzyki powietrza.",Przechowywać w suchym i chłodnym miejscu. Nie wystawiać na działanie ciepła i promieni słonecznych.,12 miesięcy od daty produkcji polew,Najlepiej spożyć przed końcem: MM.RRRR,Produkt nie zawiera GMO; nie podlega radiacji; nie zawiera nanomateriałów; jest kontrolowany w zakresie detekcji metali.,,,
134688,Lizak z mlecznej czekolady Xmass 5x15 g flow pack,Lizak z mlecznej czekolady 100% Xmass 5x15 g flow pack,BOŻE NARODZENIE,15,IFS Food 8.0,66417,2026-09-01 00:00:00,5902808134688,5902808134817,1806 90 39,10.82.22.0,12.6,3,0.5,17,20,0.5,18,20.5,40,LPR/EUR 800 x 1200 mm,0.075,0.086,2.625,3.255,236.25,317,35,10,9,90,3150,350,177,"Mleczno-kakaowy dla czekolady, słodki, charakterystyczny dla użytych surowców, bez obcych posmaków.","Mleczno-kakaowy dla mast, czekolady, charakterystyczny dla użytych surowców, bez obcych zapachów.",Jasnobrązowy/brązowy/ciemnobrązowy,Lizak w kształce mikołaja. Dopuszczalne niewielkie pęcherzyki powietrza oraz szary nalot (wykwit tłuszczowy).,"Jednolity, dopuszczalne niewielkie pęcherzyki powietrza.",Przechowywać w suchym i chłodnym miejscu. Nie wystawiać na działanie ciepła i promieni słonecznych.,16 miesięcy od daty produkcji czekolady,Najlepiej spożyć przed końcem: MM.RRRR,Produkt nie zawiera GMO; nie podlega radiacji; nie zawiera nanomateriałów; jest kontrolowany w zakresie detekcji metali.,,,
0,Lizak z białej czekolady Xmass 5x15 g flow pack,,BOŻE NARODZENIE,15,IFS Food 8.0,66417,2026-09-01 00:00:00,,,,,12.6,3,0.5,17,20,0.5,18,20.5,40,LPR/EUR 800 x 1200 mm,0.075,0.086,2.625,3.255,236.25,317,35,10,9,90,,350,177,,,,,,Przechowywać w suchym i chłodnym miejscu. Nie wystawiać na działanie ciepła i promieni słonecznych.,16 miesięcy od daty produkcji polew,Najlepiej spożyć przed końcem: MM.RRRR,Produkt nie zawiera GMO; nie podlega radiacji; nie zawiera nanomateriałów; jest kontrolowany w zakresie detekcji metali.,,,
139331,"Lizak z czekolady mlecznej Mikołaj, dekorowany, 25 g, display","Lizak z czekolady mlecznej 82% dekorowany białą czekoladą 12% oraz czekoladą deserową 6%, display",BOŻE NARODZENIE,25,IFS Food 8.0,66417,2026-09-01 00:00:00,5902808139331,5902808139348,1806 90 39,10.82.22.0,15.5,5.5,1,15.5,5.5,1,16,20,15,LPR/EUR 800 x 1200 mm,0.025,0.027,0.525,0.567,168,205.44,21,32,10,320,6720,672,175,"Mleczno-kakaowy dla czekolady, słodki, charakterystyczny dla użytych surowców, bez obcych posmaków.","Mleczno-kakaowy dla czekolady, charakterystyczny dla użytych surowców, bez obcych zapachów.",Jasnobrązowy/brązowy/ciemnobrązowy/biały,Lizak w kształce głowy mikołaja. Dopuszczalne niewielkie pęcherzyki powietrza oraz szary nalot (wykwit tłuszczowy).,"Jednolity, dopuszczalne niewielkie pęcherzyki powietrza.",Przechowywać w suchym i chłodnym miejscu. Nie wystawiać na działanie ciepła i promieni słonecznych.,16 miesięcy od daty produkcji czekolady,Najlepiej spożyć przed końcem: MM.RRRR,Produkt nie zawiera GMO; nie podlega radiacji; nie zawiera nanomateriałów; jest kontrolowany w zakresie detekcji metali.,,,
137825,"Lizak Bałwanek z białej czekolady, dekorowany 25 g display","Lizak Bałwanek z białej czekolady 82%, dekorowany czekoladą mleczną 12% i czekoladą deserową 6% , display",BOŻE NARODZENIE,25,IFS Food 8.0,66417,2026-09-01 00:00:00,5902808137825,5902808137832,1806 90 39,10.82.22.0,16,5.5,1,16,5.5,1,16,20,15,LPR/EUR 800 x 1200 mm,0.025,0.027,0.525,0.567,168,205.44,21,32,10,320,6720,672,175,"Mleczno-kakaowy dla czekolady, słodki, charakterystyczny dla użytych surowców, bez obcych posmaków.","Mleczno-kakaowy dla czekolady, charakterystyczny dla użytych surowców, bez obcych zapachów.",Jasnobrązowy/brązowy/ciemnobrązowy/biały/pomarańczowy,Lizak w kształce bałwana. Dopuszczalne niewielkie pęcherzyki powietrza oraz szary nalot (wykwit tłuszczowy).,"Jednolity, dopuszczalne niewielkie pęcherzyki powietrza.",Przechowywać w suchym i chłodnym miejscu. Nie wystawiać na działanie ciepła i promieni słonecznych.,16 miesięcy od daty produkcji czekolady,Najlepiej spożyć przed końcem: MM.RRRR,Produkt nie zawiera GMO; nie podlega radiacji; nie zawiera nanomateriałów; jest kontrolowany w zakresie detekcji metali.,,,
102048,"Lizak Pingwin z czekolady mlecznej, dekorowany, 20 g, display","Lizak Pingwin z czekolady mlecznej 89,9%, dekorowany białą czekoladą 8,5% i czekoladą deserową 1,6%, display",BOŻE NARODZENIE,20,IFS Food 8.0,66417,2026-09-01 00:00:00,5907244102048,5907244102055,1806 90 39,10.82.22.0,16,5.5,1,16,5.5,1,16,20,15,LPR/EUR 800 x 1200 mm,0.025,0.027,0.525,0.567,168,205.44,21,32,10,320,6720,672,175,"Mleczno-kakaowy dla czekolady, słodki, charakterystyczny dla użytych surowców, bez obcych posmaków.","Mleczno-kakaowy dla czekolady, charakterystyczny dla użytych surowców, bez obcych zapachów.",Jasnobrązowy/brązowy/ciemnobrązowy/biały/pomarańczowy,Lizak w kształce pingwina. Dopuszczalne niewielkie pęcherzyki powietrza oraz szary nalot (wykwit tłuszczowy).,"Jednolity, dopuszczalne niewielkie pęcherzyki powietrza.",Przechowywać w suchym i chłodnym miejscu. Nie wystawiać na działanie ciepła i promieni słonecznych.,16 miesięcy od daty produkcji czekolady,Najlepiej spożyć przed końcem: MM.RRRR,Produkt nie zawiera GMO; nie podlega radiacji; nie zawiera nanomateriałów; jest kontrolowany w zakresie detekcji metali.,,,
132523,"Figurka Pingwin z czekolady mlecznej 75 g, dekorowany,  flow-pack","Figurka Pingwin z czekolady mlecznej 77,5%, dekorowany białą czekoladą 22,5% , flow-pack",BOŻE NARODZENIE,75g,IFS Food 8.0,66417,2026-09-01 00:00:00,5902808132523,5902808132516,1806 90 39,10.82.22.0,9.6,7.1,5.1,10.5,7.1,5.1,20,25.5,39.5,LPR/EUR 800 x 1200 mm,0.075,0.079,1.58,1.84,189,245,21,9,8,64,1512,189,180,"Mleczno-kakaowy dla czekolady, słodki, charakterystyczny dla użytych surowców, bez obcych posmaków.","Mleczno-kakaowy dla czekolady, charakterystyczny dla użytych surowców, bez obcych zapachów.",Jasnobrązowy/brązowy/ciemnobrązowy/biały/pomarańczowy,Lizak w kształce pingwina. Dopuszczalne niewielkie pęcherzyki powietrza oraz szary nalot (wykwit tłuszczowy).,"Jednolity, dopuszczalne niewielkie pęcherzyki powietrza.",Przechowywać w suchym i chłodnym miejscu. Nie wystawiać na działanie ciepła i promieni słonecznych.,16 miesięcy od daty produkcji czekolady,Najlepiej spożyć przed końcem: MM.RRRR,Produkt nie zawiera GMO; nie podlega radiacji; nie zawiera nanomateriałów; jest kontrolowany w zakresie detekcji metali.,,,
133469,"Figurka Bałwan z białej czekolady 80 g, dekorowany, flow-pack","Figurka Bałwan z białej czekolady 97%, dekorowany czekoladą deserową 3%, flow-pack",BOŻE NARODZENIE,80,IFS Food 8.0,66417,2026-09-01 00:00:00,5902808133469,5902808133452,1704 90 30,10.82.23.0,10.2,6.7,6.3,10.5,6.7,6.3,20,25.5,39.5,LPR/EUR 800 x 1200 mm,0.08,0.086,1.2,1.5,144,204,15,8,8,64,960,120,180,"Mleczno-kakaowy dla czekolady, słodki, charakterystyczny dla użytych surowców, bez obcych posmaków.","Mleczno-kakaowy dla czekolady, charakterystyczny dla użytych surowców, bez obcych zapachów.",Jasnobrązowy/brązowy/ciemnobrązowy/biały/czerwony,Figurka w kształce bałwana. Dopuszczalne niewielkie pęcherzyki powietrza oraz szary nalot (wykwit tłuszczowy).,"Jednolity, dopuszczalne niewielkie pęcherzyki powietrza.",Przechowywać w suchym i chłodnym miejscu. Nie wystawiać na działanie ciepła i promieni słonecznych.,16 miesięcy od daty produkcji czekolady,Najlepiej spożyć przed końcem: MM.RRRR,Produkt nie zawiera GMO; nie podlega radiacji; nie zawiera nanomateriałów; jest kontrolowany w zakresie detekcji metali.,,,
131670,"Figurka Mikołaj z czekolady mlecznej 60 g, dekorowany, flow-pack","Figurka Mikołaj z czekolady mlecznej 90,5%, dekorowany białą czekoladą 9,5%, flow-pack",BOŻE NARODZENIE,60,IFS Food 8.0,66417,2026-09-01 00:00:00,5902808131670,5902808131687,1806 90 39,10.82.22.0,9.5,6.4,4,10.5,8,4.2,11,25.5,39.5,LPR/EUR 800 x 1200 mm,0.06,0.064,1.44,1.72,172.8,230.4,21,8,15,120,2520,168,180,"Mleczno-kakaowy dla czekolady, słodki, charakterystyczny dla użytych surowców, bez obcych posmaków.","Mleczno-kakaowy dla czekolady, charakterystyczny dla użytych surowców, bez obcych zapachów.",Jasnobrązowy/brązowy/ciemnobrązowy/biały/czerwony,Figurka w kształce mikołaja. Dopuszczalne niewielkie pęcherzyki powietrza oraz szary nalot (wykwit tłuszczowy).,"Jednolity, dopuszczalne niewielkie pęcherzyki powietrza.",Przechowywać w suchym i chłodnym miejscu. Nie wystawiać na działanie ciepła i promieni słonecznych.,16 miesięcy od daty produkcji czekolady,Najlepiej spożyć przed końcem: MM.RRRR,Produkt nie zawiera GMO; nie podlega radiacji; nie zawiera nanomateriałów; jest kontrolowany w zakresie detekcji metali.,,,
103564,Figurka Mikołaj z czekolady mlecznej 70 g,"Figurka Mikołaj z czekolady mlecznej 100%, pakowany ręcznie",BOŻE NARODZENIE,,IFS Food 8.0,66417,2026-09-01 00:00:00,5907244103564,5907244103571,1806 90 39,10.82.22.0,,,,,,,,,,LPR/EUR 800 x 1200 mm,,,,,,,,,,,,,,"Mleczno-kakaowy dla czekolady, słodki, charakterystyczny dla użytych surowców, bez obcych posmaków.","Mleczno-kakaowy dla czekolady, charakterystyczny dla użytych surowców, bez obcych zapachów.",Jasnobrązowy/brązowy/ciemnobrązowy,Figurka w kształce mikołaja. Dopuszczalne niewielkie pęcherzyki powietrza oraz szary nalot (wykwit tłuszczowy).,"Jednolity, dopuszczalne niewielkie pęcherzyki powietrza.",Przechowywać w suchym i chłodnym miejscu. Nie wystawiać na działanie ciepła i promieni słonecznych.,16 miesięcy od daty produkcji czekolady,Najlepiej spożyć przed końcem: MM.RRRR,Produkt nie zawiera GMO; nie podlega radiacji; nie zawiera nanomateriałów; jest kontrolowany w zakresie detekcji metali.,,,
103540,Figurka Mikołaj z czekolady białej 70 g,"Figurka Mikołaj z czekolady białej 100%, pakowany ręcznie",BOŻE NARODZENIE,,IFS Food 8.0,66417,2026-09-01 00:00:00,5907244103540,5907244103557,1704 90 30,10.82.23.0,,,,,,,,,,LPR/EUR 800 x 1200 mm,,,,,,,,,,,,,,"Mleczno-kakaowy dla czekolady, słodki, charakterystyczny dla użytych surowców, bez obcych posmaków.","Mleczno-kakaowy dla czekolady, charakterystyczny dla użytych surowców, bez obcych zapachów.",biały,Figurka w kształce mikołaja. Dopuszczalne niewielkie pęcherzyki powietrza oraz szary nalot (wykwit tłuszczowy).,"Jednolity, dopuszczalne niewielkie pęcherzyki powietrza.",Przechowywać w suchym i chłodnym miejscu. Nie wystawiać na działanie ciepła i promieni słonecznych.,16 miesięcy od daty produkcji czekolady,Najlepiej spożyć przed końcem: MM.RRRR,Produkt nie zawiera GMO; nie podlega radiacji; nie zawiera nanomateriałów; jest kontrolowany w zakresie detekcji metali.,,,
P022,Owieczka Happy - Figurka z czekolady białej dekorowana czekoladą gorzką oraz masą na bazie białej czekolady,,,,IFS Food 8.0,66417,2026-09-01 00:00:00,,,,,,,,,,,,,,LPR/EUR 800 x 1200 mm,,,,,,,,,,,,,,,,,,,,,,,,,
103632,Lizak z mlecznej czekolady Halloween 8x15 g flow pack,Lizak z mlecznej czekolady 100% Halloween,HALLOWEEN,,IFS Food 8.0,66417,2026-09-01 00:00:00,5907244103632,5907244103649,1704 90 30,10.82.22.0,,,,,,,,,,LPR/EUR 800 x 1200 mm,,,,,,,,,,,,,,"Mleczno-kakaowy dla czekolady, słodki, charakterystyczny dla użytych surowców, bez obcych posmaków.","Mleczno-kakaowy dla czekolady, charakterystyczny dla użytych surowców, bez obcych zapachów.",Jasnobrązowy/brązowy/ciemnobrązowy,Figurka w kształce ducha. Dopuszczalne niewielkie pęcherzyki powietrza oraz szary nalot (wykwit tłuszczowy).,"Jednolity, dopuszczalne niewielkie pęcherzyki powietrza.",Przechowywać w suchym i chłodnym miejscu. Nie wystawiać na działanie ciepła i promieni słonecznych.,16 miesięcy od daty produkcji czekolady,Najlepiej spożyć przed końcem: MM.RRRR,Produkt nie zawiera GMO; nie podlega radiacji; nie zawiera nanomateriałów; jest kontrolowany w zakresie detekcji metali.,,,
,Hot sticks - czekolada gorzka z owocami liofilizowanymi maliny 35 g,,,,IFS Food 8.0,66417,2026-09-01 00:00:00,,,,,,,,,,,,,,LPR/EUR 800 x 1200 mm,,,,,,,,,,,,,,,,,,,,,,,,,
103069,"FigluBubu - Figurka z czekolady mlecznej, 35 g", Figurka z czekolady mlecznej 100%,CAŁOROCZNE,35,IFS Food 8.0,66417,2026-09-01 00:00:00,5907244103069,5907244103076,1806 90 19,10.82.23.0,7.3,4,1.4,12.2,5.2,1.4,11.7,14.5,18,LPR/EUR 800 x 1200 mm,0.035,0.036,0.64,1.144,366.62,391.62,30,30,11,330,9900,900,175,"Mleczno-kakaowy dla czekolady, słodki, charakterystyczny dla użytych surowców, bez obcych posmaków.","Mleczno-kakaowy dla mast, słodki, charakterystyczny dla użytych surowców, bez obcych zapachów.",Jasnobrązowy/brązowy/ciemnobrązowy,Figurka czekoladowa w kształcie uroczego stworka o króliczych uszach i szerokim uśmiechu. Dopuszcza się wystepowanie biało-szarego nalotu powstałego na wskutek wykwitu tłuszczowego oraz niewielkie pęcherzyki powietrza.					,"Jednolity, dopuszczalne niewielkie pęcherzyki powietrza.",Przechowywać w suchym i chłodnym miejscu. Nie wystawiać na działanie ciepła i promieni słonecznych.,16 miesięcy od daty produkcji nadzienia,Najlepiej spożyć przed końcem: MM.RRRR,Produkt nie zawiera GMO; nie podlega radiacji; nie zawiera nanomateriałów; jest kontrolowany w zakresie detekcji metali.,,,
103670,"FigluBubu - Figurka z czekolady mlecznej z nadzieniem o smaku pistacjowym, 35 g",Figurka z czekolady mlecznej 50% z nadzieniem o smaku pistacjowym 50%,CAŁOROCZNE,35,IFS Food 8.0,66417,2026-09-01 00:00:00,5907244103670,5907244103687,1806 90 19,10.82.23.0,7.3,4,1.4,12.2,5.2,1.4,11.7,14.5,18,LPR/EUR 800 x 1200 mm,0.035,0.036,0.64,1.144,366.62,391.62,30,30,11,330,9900,900,175,"Mleczno-kakaowy dla czekolady, pistacjowy dla nadzienia, słodki, charakterystyczny dla użytych surowców, bez obcych posmaków.","Mleczno-kakaowy dla czekolady, pistacjowy dla nadzienia, słodki, charakterystyczny dla użytych surowców, bez obcych zapachów.",Jasnobrązowy/brązowy/ciemnobrązowy,Figurka czekoladowa w kształcie uroczego stworka o króliczych uszach i szerokim uśmiechu. Dopuszcza się wystepowanie biało-szarego nalotu powstałego na wskutek wykwitu tłuszczowego oraz niewielkie pęcherzyki powietrza.					,"Jednolity korpus, dopuszczalne niewielkie pęcherzyki powietrza; wewnątrz nadzienie gładkie, jednorodne, bez wyczuwalnych grudek, koloru zielonego",Przechowywać w suchym i chłodnym miejscu. Nie wystawiać na działanie ciepła i promieni słonecznych.,10 miesięcy od daty produkcji nadzienia,Najlepiej spożyć przed końcem: MM.RRRR,Produkt nie zawiera GMO; nie podlega radiacji; nie zawiera nanomateriałów; jest kontrolowany w zakresie detekcji metali.,,,
103694,"FigluBubu - Figurka z czekolady mlecznej z nadzieniem o smaku orzechów laskowych, 35 g", Figurka z czekolady mlecznej 50% z nadzieniem o smaku orzechów laskowych 50%,CAŁOROCZNE,35,IFS Food 8.0,66417,2026-09-01 00:00:00,5907244103694,5907244103700,1806 90 19,10.82.23.0,7.3,4,1.4,12.2,5.2,1.4,11.7,14.5,18,LPR/EUR 800 x 1200 mm,0.035,0.036,0.64,1.144,366.62,391.62,30,30,11,330,9900,900,175,"Mleczno-kakaowy dla czekolady, orzechów laskowych dla nadzienia, słodki, charakterystyczny dla użytych surowców, bez obcych posmaków.","Mleczno-kakaowy dla czekolady, orzechów laskowych dla nadzienia, słodki, charakterystyczny dla użytych surowców, bez obcych zapachów.",Jasnobrązowy/brązowy/ciemnobrązowy,Figurka czekoladowa w kształcie uroczego stworka o króliczych uszach i szerokim uśmiechu. Dopuszcza się wystepowanie biało-szarego nalotu powstałego na wskutek wykwitu tłuszczowego oraz niewielkie pęcherzyki powietrza.					,"Jednolity korpus, dopuszczalne niewielkie pęcherzyki powietrza; wewnątrz nadzienie gładkie, jednorodne, bez wyczuwalnych grudek, koloru beżowego",Przechowywać w suchym i chłodnym miejscu. Nie wystawiać na działanie ciepła i promieni słonecznych.,10 miesięcy od daty produkcji nadzienia,Najlepiej spożyć przed końcem: MM.RRRR,Produkt nie zawiera GMO; nie podlega radiacji; nie zawiera nanomateriałów; jest kontrolowany w zakresie detekcji metali.,,,
103717,"FigluBubu - Figurka z czekolady mlecznej z nadzieniem o smaku truskawkowym, 35 g", Figurka z czekolady mlecznej 50% z nadzieniem o smaku truskawkowym 50%,CAŁOROCZNE,35,IFS Food 8.0,66417,2026-09-01 00:00:00,5907244103717,5907244103724,1806 90 19,10.82.23.0,7.3,4,1.4,12.2,5.2,1.4,11.7,14.5,18,LPR/EUR 800 x 1200 mm,0.035,0.036,0.64,1.144,366.62,391.62,30,30,11,330,9900,900,175,"Mleczno-kakaowy dla czekolady,  truskawkowy dla nadzienia, słodki, charakterystyczny dla użytych surowców, bez obcych posmaków.","Mleczno-kakaowy dla czekolady, truskawkowy dla nadzienia, słodki, charakterystyczny dla użytych surowców, bez obcych zapachów.",Jasnobrązowy/brązowy/ciemnobrązowy,Figurka czekoladowa w kształcie uroczego stworka o króliczych uszach i szerokim uśmiechu. Dopuszcza się wystepowanie biało-szarego nalotu powstałego na wskutek wykwitu tłuszczowego oraz niewielkie pęcherzyki powietrza.					,"Jednolity korpus, dopuszczalne niewielkie pęcherzyki powietrza; wewnątrz nadzienie gładkie, jednorodne, bez wyczuwalnych grudek, koloru różowego",Przechowywać w suchym i chłodnym miejscu. Nie wystawiać na działanie ciepła i promieni słonecznych.,10 miesięcy od daty produkcji nadzienia,Najlepiej spożyć przed końcem: MM.RRRR,Produkt nie zawiera GMO; nie podlega radiacji; nie zawiera nanomateriałów; jest kontrolowany w zakresie detekcji metali.,,,
,Tabliczka mlecznej czekolady 50 g,Tbaliczka mlecznej czekolady 100%,CAŁOROCZNE,50,IFS Food 8.0,66417,2026-09-01 00:00:00,,,1704 90 30,10.82.22.0,,,,,,,,,,LPR/EUR 800 x 1200 mm,,,,,,,,,,,,,,"Mleczno-kakaowy dla czekolady, słodki, charakterystyczny dla użytych surowców, bez obcych posmaków.","Mleczno-kakaowy dla mast, słodki, charakterystyczny dla użytych surowców, bez obcych zapachów.",Jasnobrązowy/brązowy/ciemnobrązowy,Tabliczka czekoladowy. Dopuszcza się wystepowanie biało-szarego nalotu powstałego na wskutek wykwitu tłuszczowego oraz niewielkie pęcherzyki powietrza.					,"Jednolity korpus, dopuszczalne niewielkie pęcherzyki powietrza; wewnątrz nadzienie gładkie, jednorodne, bez wyczuwalnych grudek.",Przechowywać w suchym i chłodnym miejscu. Nie wystawiać na działanie ciepła i promieni słonecznych.,16 miesięcy od daty produkcji nadzienia,Najlepiej spożyć przed końcem: MM.RRRR,Produkt nie zawiera GMO; nie podlega radiacji; nie zawiera nanomateriałów; jest kontrolowany w zakresie detekcji metali.,,,
134107,Brązowa pisanka 25 g,"
Brązowa pisanka 25 g - Lizak z czekolady mlecznej 95,2 %, dekorowana białą czekoladą   4,8 % ",WIELKANOC,25,IFS Food 8.0,66417,2026-09-01 00:00:00,5902808134107,"
5902808134169",,,,,,,,,,,,LPR/EUR 800 x 1200 mm,,,,,,,,,,,,,,,,,,,,,,,,,
138822,Biała pisanka 25 g,"
BIAŁA PISANKA 25g- Lizak z białej czekolady 95,2 % dekorowany czekolada mleczną 4,8 %",WIELKANOC,25,IFS Food 8.0,66417,2026-09-01 00:00:00,"
5902808138822","
5902808138839",,,,,,,,,,,,LPR/EUR 800 x 1200 mm,,,,,,,,,,,,,,,,,,,,,,,,,
138808,Żółta pisanka 25 g,"
ŻÓŁTA PISANKA 25 g - Lizak z masy na bazie białej czekolady 95,2 %, dekorowany białą czekoladą 4,8 %.",WIELKANOC,25,IFS Food 8.0,66417,2026-09-01 00:00:00,"
5902808138808","
5902808138815",,,,,,,,,,,,LPR/EUR 800 x 1200 mm,,,,,,,,,,,,,,,,,,,,,,,,,
,LIZAK Z MLECZNEJ CZEKOLADY SERCE CZERWONE DEKOROWANE 20G ADIKAM,CZERWONE SERCE 20 g - Lizak z czekolady mecznej 95 % dekorowany  białą czekoladą 5%,,20,IFS Food 8.0,66417,2026-09-01 00:00:00,5902808138747,,,,,,,,,,,,,LPR/EUR 800 x 1200 mm,,,,,,,,,,,,,,,,,,,,,,,,,
134015,LIZAK Z MLECZNEJ CZEKOLADY SERCE I LOVE YOU DEKOROWANE 20G ADIKAM,SERCE I LOVE YOU 20 g - Lizak z czekolady mlecznej 95 % dekorowany masą o smaku białej czekolady 5%.,,20,IFS Food 8.0,66417,2026-09-01 00:00:00,5902808134015,,,,,,,,,,,,,LPR/EUR 800 x 1200 mm,,,,,,,,,,,,,,,,,,,,,,,,,
,,,,90,IFS Food 8.0,66417,2026-09-01 00:00:00,5902808130833,,,,,,,,,,,,,LPR/EUR 800 x 1200 mm,,,,,,,,,,,,,,,,,,,,,,,,,
,,,,40,IFS Food 8.0,66417,2026-09-01 00:00:00,5902808136613,,,,,,,,,,,,,LPR/EUR 800 x 1200 mm,,,,,,,,,,,,,,,,,,,,,,,,,
,,Serce białe  20 g - Lizak z czekolady mecznej 95 % dekorowany z białej czekolady 5%,,20,IFS Food 8.0,66417,2026-09-01 00:00:00,,,,,,,,,,,,,,LPR/EUR 800 x 1200 mm,,,,,,,,,,,,,,,,,,,,,,,,,
134084,Zając Postać  - Lizak z czekolady mlecznej 20 g,Lizak z czekolady mlecznej 100%,WIELKANOC,20,IFS Food 8.0,66417,2026-09-01 00:00:00,5902808134084,5902808134138,1806 90 19,10.82.23.0,16,3.5,0.7,16,3.5,0.7,16,20,15,LPR/EUR 800 x 1200 mm,0.02,0.021,0.42,0.483,134.4,178.56,21,32,10,320,6720,672,175,"Mleczno-kakaowy dla czekolady, słodki, charakterystyczny dla użytych surowców, bez obcych posmaków.","Mleczno-kakaowy dla mast, słodki, charakterystyczny dla użytych surowców, bez obcych zapachów.",Jasnobrązowy/brązowy/ciemnobrązowy,Figurka czekoladowa w kształcie zająca. Dopuszcza się wystepowanie biało-szarego nalotu powstałego na wskutek wykwitu tłuszczowego oraz niewielkie pęcherzyki powietrza.					,"Jednolity, dopuszczalne niewielkie pęcherzyki powietrza.",Przechowywać w suchym i chłodnym miejscu. Nie wystawiać na działanie ciepła i promieni słonecznych.,16 miesięcy od daty produkcji nadzienia,Najlepiej spożyć przed końcem: MM.RRRR,Produkt nie zawiera GMO; nie podlega radiacji; nie zawiera nanomateriałów; jest kontrolowany w zakresie detekcji metali.,,,
103809,Zając 80g,"Brązowy Zając - Figurka z masy o smaku czekolady mlecznej, ręcznie pakowana (złota podstawka)",WIELKANOC,80,IFS Food 8.0,66417,2026-09-01 00:00:00,5907244103809,5907244103816,1806 90 70,10.82.23.0,12.5,12.5,4.5,23,9,5,24,38,29,LPR/EUR 800 x 1200 mm,0.08,0.087,1.68,2.079,80.64,132,21,8,6,48,1008,168,160,"Mleczno-kakaowy, słodki, charakterystyczny dla użytych surowców, bez obcych posmaków.","Mleno-kakaowy, słodki, charakterystyczny dla użytych surowców, bez obcych zapachów.",Jasnobrązowy/brązowy/ciemnobrązowy,Figurka czekoladowa w kształcie zająca. Dopuszcza się wystepowanie biało-szarego nalotu powstałego na wskutek wykwitu tłuszczowego oraz niewielkie pęcherzyki powietrza.					,"Jednolity, dopuszczalne niewielkie pęcherzyki powietrza.",Przechowywać w suchym i chłodnym miejscu. Nie wystawiać na działanie ciepła i promieni słonecznych.,12 miesięcy od daty produkcji masy o smaku czekolady mlecznej,Najlepiej spożyć przed końcem: MM.RRRR,Produkt nie zawiera GMO; nie podlega radiacji; nie zawiera nanomateriałów; jest kontrolowany w zakresie detekcji metali.,,,
103786,Zając 80g,"Biały Zając - Figurka z masy o smaku białej czekolady, ręcznie pakowana (złota podstawka)",WIELKANOC,80,IFS Food 8.0,66417,2026-09-01 00:00:00,5907244103786,5907244103793,1704 90 99,10.82.23.0,12.5,12.5,4.5,23,9,5,24,38,29,LPR/EUR 800 x 1200 mm,0.08,0.087,1.68,2.079,80.64,132,21,8,6,48,1008,168,160,"Mleczny, słodki, charakterystyczny dla użytych surowców, bez obcych posmaków.","Mleczny, słodki, charakterystyczny dla użytych surowców, bez obcych zapachów.","Biały, kremowy, kremowo-biały",Figurka czekoladowa w kształcie zająca. Dopuszcza się wystepowanie biało-szarego nalotu powstałego na wskutek wykwitu tłuszczowego oraz niewielkie pęcherzyki powietrza.					,"Jednolity, dopuszczalne niewielkie pęcherzyki powietrza.",Przechowywać w suchym i chłodnym miejscu. Nie wystawiać na działanie ciepła i promieni słonecznych.,12 miesięcy od daty produkcji masy o smaku białej czekolady,Najlepiej spożyć przed końcem: MM.RRRR,Produkt nie zawiera GMO; nie podlega radiacji; nie zawiera nanomateriałów; jest kontrolowany w zakresie detekcji metali.,,,
,test,,,,IFS Food 8.0,66417,2026-09-01 00:00:00,,,,,,,,,,,,,,LPR/EUR 800 x 1200 mm,,,,,,,,,,,,,,,,,,,,,,,,,
,,,,,IFS Food 8.0,66417,2026-09-01 00:00:00,,,,,,,,,,,,,,LPR/EUR 800 x 1200 mm,,,,,,,,,,,,,,,,,,,,,,,,,
,,,,,IFS Food 8.0,66417,2026-09-01 00:00:00,,,,,,,,,,,,,,LPR/EUR 800 x 1200 mm,,,,,,,,,,,,,,,,,,,,,,,,,
,,,,,IFS Food 8.0,66417,2026-09-01 00:00:00,,,,,,,,,,,,,,LPR/EUR 800 x 1200 mm,,,,,,,,,,,,,,,,,,,,,,,,,
,,,,,IFS Food 8.0,66417,2026-09-01 00:00:00,,,,,,,,,,,,,,LPR/EUR 800 x 1200 mm,,,,,,,,,,,,,,,,,,,,,,,,,
